contentId,Top1,Top2,Top3,Top4,Top5
6031953227014493100,-6761163882540291832,-8146108036639482450,-6584408680441477889,4815632823882298534,-5843518165523212471
-7638840925036528150,-1999468346928419252,-5470166294767187597,672199059798181601,4744297321841608877,5410293063635507608
-1676378465482420452,6222001809679591440,5929055844564382383,-4070929606295451361,-3060116862184714437,8631616594020837056
-1150591229250318592,-5581910915745827384,-6642751159620064055,1990052153136096105,-6245524727898921842,1532206435917316688
-2487699318115820990,4422997595777504091,-7463572107837163154,-6623581327558800021,-8717945432162716060,-9033211547111606164
8900292750226176660,-9033211547111606164,5258604889412591249,6678691743269420670,1328618437884612347,-7463572107837163154
6817244649248188271,-2462651558329037716,-1609424513692297222,-5470166294767187597,-7638840925036528150,-9152398073968262186
-885886002174762919,2930191803881821526,-1181242543195516037,1649752043999819668,-8480712303720557641,-6932442635231192683
6006800146436649545,-1999468346928419252,-115909536143817330,5263606973029607223,6389624212149850449,5211673327552264703
-3231932874544830919,231281690254211527,-6761163882540291832,-2323511129839590090,-3387298624573211014,4546206336477094824
-7442296890640709658,8946250624470221174,5967886403500658324,5817939718364925129,2628816849077589497,5817939718364925129
-6570327055377820618,-8068727428160395745,-253149055249888078,5258604889412591249,6678691743269420670,-5637143900506554933
-1897853393557630253,896159636285333275,3293246847422795557,-7442296890640709658,-7732246497578572511,6049739262059615567
8734156751308150579,8550670510357310628,-7358932766266901263,1829180586132834070,6244532954645766056,8424505741986577894
-3179358869851478234,5929055844564382383,-4762897581600184489,4785499183287168509,-5829979886567267504,-6340141548068597572
-6761163882540291832,-5082274522455747241,-2323511129839590090,4546206336477094824,4815632823882298534,231281690254211527
679005777543560737,-2323511129839590090,-8591127493017117985,-1104501717379772664,-6761163882540291832,8779890754987103603
-8052188270551570124,231281690254211527,-2167839778474325326,-6761163882540291832,4546206336477094824,-2323511129839590090
7510090557616166004,3382795524953511662,2474876390020567211,8729086959762650511,6075137928366965854,-5813211845057621660
-5628343274127925011,4904775878165401439,2255878226385826814,5929055844564382383,-3060116862184714437,5930806521893160184
8631616594020837056,-1676378465482420452,8424505741986577894,6222001809679591440,5929055844564382383,6844164348224220577
-6207670654614839859,-3951274083288934897,3293246847422795557,4785499183287168509,-3269885695260066314,2399228553079505025
2255878226385826814,-8900113512825364282,5929055844564382383,5930806521893160184,-5458316826145145813,3999205546352981758
-5458316826145145813,-3060116862184714437,5930806521893160184,2255878226385826814,5395868751435718725,3999205546352981758
5395868751435718725,6892866957050839435,-5154395767417065070,-7499831854130267106,-5458316826145145813,-9086955082453789880
1797385737206265555,-3872763991286728274,7419040071212162906,8748370453256790422,6097677219931837830,-7442296890640709658
5410293063635507608,4744297321841608877,-91139000311163410,-4195851681734441295,-7638840925036528150,672199059798181601
8240934591713322028,-8591127493017117985,6892165923784661946,-5924653357616257702,-5924653357616257702,6669026579073415958
174707786647990372,-115909536143817330,1532206435917316688,-9033211547111606164,-4673235524420943843,5211673327552264703
-9033211547111606164,-2487699318115820990,5258604889412591249,-8068727428160395745,1328618437884612347,5211673327552264703
8779890754987103603,-8591127493017117985,-1104501717379772664,-2323511129839590090,-6761163882540291832,679005777543560737
-2424983931459616622,5211673327552264703,886450434856305025,-4158297476631283435,962287586799267519,-3870325027932266414
6587635730509289343,886450434856305025,-5521549171704079872,4607279316199873708,-3462051751080362224,-3061741807736367554
5211673327552264703,3293246847422795557,-8480712303720557641,-115909536143817330,1328618437884612347,-9033211547111606164
886450434856305025,962287586799267519,-4158297476631283435,4532698165746826599,3407455496422791860,-2976309714446243509
-3061741807736367554,8836508987743809103,-8717945432162716060,-3462051751080362224,886450434856305025,6587635730509289343
348632682812866328,8628621643938810986,5681075485882787671,6075137928366965854,-4309525417316029305,7775857588929395558
3128282567747885251,7775857588929395558,-5813211845057621660,-3058031327323357308,8836508987743809103,6075137928366965854
4430520614172753870,-3269885695260066314,-5257244885628286303,5053372977408537204,-434149774629603391,-9089854794058353436
-6884335507424704154,-7215110246375999491,-340541651592032197,7581009799961380333,-5829979886567267504,-4280604324733069853
4785499183287168509,-3269885695260066314,2399228553079505025,-2976309714446243509,2952636544547704346,-3951274083288934897
-4673235524420943843,5211673327552264703,8526042588044002101,4532698165746826599,-9033211547111606164,174707786647990372
-5154395767417065070,-3951274083288934897,4785499183287168509,31349081826574004,-9086955082453789880,5395868751435718725
-7191607771634445823,6797493571710971497,1328618437884612347,6678691743269420670,672199059798181601,-3751249597609107201
-6244754482621048226,1328618437884612347,-9033211547111606164,-3745582971859460684,5258604889412591249,-8068727428160395745
2617330491231854367,-5082274522455747241,-1306208577536428610,-2323511129839590090,-5843518165523212471,-2167839778474325326
834896074125772354,1184320069221244535,-44082375822273498,6844164348224220577,8631616594020837056,5929055844564382383
4893900714822288649,-879594538384021068,-2323511129839590090,-1251258405608426882,1115750778137998115,-5082274522455747241
-637050915727878966,5053372977408537204,-6639617916149472585,-5257244885628286303,-9089854794058353436,-434149774629603391
5111115201913219115,6917508501173008954,4785499183287168509,-6215634663594744290,8836508987743809103,3293246847422795557
-7838000919054582150,-2167839778474325326,231281690254211527,7182931494487573654,-2323511129839590090,5779887740609126631
-7571123172959828025,2255878226385826814,-8286289711960957081,7636423839699365160,-6564402465035266866,-7534240757267992657
-1771108209511321547,-879594538384021068,-2323511129839590090,231281690254211527,-5082274522455747241,5779887740609126631
-3850803681204406658,-6761163882540291832,4546206336477094824,231281690254211527,-2323511129839590090,4815632823882298534
-6654470039478316910,8628621643938810986,-5314778455998444995,5681075485882787671,-6642751159620064055,-8933526098329881084
3715130189384008388,8550670510357310628,6222001809679591440,8631616594020837056,-2976309714446243509,6607431762270322325
-2896441888220202695,5929055844564382383,834896074125772354,-7034660627992927630,6831941111848480366,-6289909056857931861
6099026883115865746,5688444173453700360,5681075485882787671,-5953227649059336919,428486625959995206,-6739959707791598779
-1251258405608426882,4785499183287168509,8428597553954921991,-2976309714446243509,-78667914647336721,4893900714822288649
790210667253898984,-2167839778474325326,4815632823882298534,-6761163882540291832,231281690254211527,-2323511129839590090
1536798472239364319,5037403311832115000,5930806521893160184,-3060116862184714437,6847460841437230342,-8900113512825364282
-5881946480525580860,-3745582971859460684,-6570327055377820618,6678691743269420670,-3751249597609107201,5258604889412591249
1737303669706106633,-623310439329591027,5395868751435718725,-4762897581600184489,-9089854794058353436,-434149774629603391
-5920475612630001479,2930191803881821526,3467834993860080188,215332765550420709,-6642751159620064055,-2097075598039554565
-615862350872519037,-2167839778474325326,-6761163882540291832,-3387298624573211014,-2323511129839590090,4546206336477094824
-4996336942690402156,1184320069221244535,-4270702541777554377,-6728844082024523434,-4333957157636611418,5271205718596251417
1233935898842140014,-5843518165523212471,6031953227014493100,-1138633255366005559,-1138633255366005559,-8591127493017117985
-8202212195240926680,6831941111848480366,-3179358869851478234,-1676378465482420452,-6340141548068597572,-5829979886567267504
8748370453256790422,7419040071212162906,1797385737206265555,4607279316199873708,-5521549171704079872,-8717945432162716060
5087084654882097891,-5690023155612846030,231281690254211527,-2323511129839590090,-2167839778474325326,2215773447123360543
-8996656559398843485,5779887740609126631,-5082274522455747241,-1452340812018195881,231281690254211527,-5690023155612846030
-2164628725543527116,6678691743269420670,1328618437884612347,-9033211547111606164,-8068727428160395745,5258604889412591249
2515874237935914763,1971653634364577968,231281690254211527,-2323511129839590090,4815632823882298534,-2167839778474325326
-1606909838151129701,-6340141548068597572,5929055844564382383,-8900113512825364282,6892866957050839435,-4070929606295451361
5817939718364925129,8946250624470221174,-7442296890640709658,5967886403500658324,2628816849077589497,5817939718364925129
5817939718364925129,8946250624470221174,-7442296890640709658,5967886403500658324,2628816849077589497,5817939718364925129
2628816849077589497,8946250624470221174,-7442296890640709658,5967886403500658324,2628816849077589497,5817939718364925129
-847494979958007433,-7388035385087807288,-115892576593938933,8195862936106508846,-6642751159620064055,215332765550420709
-7527881206365368,-879594538384021068,1115750778137998115,-1138633255366005559,-1138633255366005559,-5082274522455747241
5949788789046720741,1751822544912242581,-3870325027932266414,5410293063635507608,4780818054552370624,-115909536143817330
3467834993860080188,215332765550420709,-5920475612630001479,-2097075598039554565,-8992201526199201450,-3224698078244963479
660451400045043370,-1878569380455769122,-4762897581600184489,-6739959707791598779,8289800212949675494,8289800212949675494
-4280604324733069853,3750772607644674028,7581009799961380333,3801658304588389996,1220948775534529013,-6884335507424704154
524776334673868069,-9033211547111606164,-6244754482621048226,5258604889412591249,-8068727428160395745,-532999578436827210
5842191581670322333,7424795099560672335,-7534240757267992657,-5954724412982705962,3407455496422791860,6097677219931837830
-5658245291907121574,8836508987743809103,-3058031327323357308,5688444173453700360,1328618437884612347,428486625959995206
7182931494487573654,-2323511129839590090,722931447608069342,-2167839778474325326,231281690254211527,4909630283317268181
5761988486867612282,-7529178973676767391,6099026883115865746,-5829402940194444779,-1452340812018195881,-6739959707791598779
-8047634385511625486,6034099213718885791,-7130425546996181071,-6642751159620064055,-2976309714446243509,826748584447376099
826748584447376099,4895396506368139469,-5283011611531067471,-4640750981890093183,-2400879112398974660,-7130425546996181071
6678691743269420670,5258604889412591249,-3751249597609107201,-253149055249888078,-6570327055377820618,-5637143900506554933
1990052153136096105,-5608160619992456731,3618271604906293310,-2976309714446243509,-6728844082024523434,1184320069221244535
1184320069221244535,-7384231993217222764,3407455496422791860,-2976309714446243509,-6728844082024523434,1990052153136096105
5854206600849997966,-7762049078455894395,-14569272361926584,-3058031327323357308,-6642751159620064055,1469580151036142903
1971653634364577968,-2323511129839590090,4815632823882298534,231281690254211527,-5082274522455747241,1115750778137998115
-6380034335041404646,-4270702541777554377,-8286289711960957081,962287586799267519,6669026579073415958,-7534240757267992657
7013665235990336340,7039033478836344543,-2167839778474325326,-5843518165523212471,-6761163882540291832,4909630283317268181
-427385793606723821,-1676378465482420452,-3060116862184714437,6222001809679591440,8631616594020837056,5929055844564382383
8416004328454490172,1469580151036142903,-14569272361926584,4675505028897335428,-6642751159620064055,8416004328454490172
8416004328454490172,1469580151036142903,-14569272361926584,4675505028897335428,-6642751159620064055,8416004328454490172
-2890958311805113955,-3060116862184714437,-3951274083288934897,-7525512143002603676,-9086955082453789880,5395868751435718725
5779887740609126631,-879594538384021068,-5690023155612846030,231281690254211527,-5082274522455747241,1115750778137998115
378386436485699053,1115750778137998115,4815632823882298534,-5082274522455747241,-6761163882540291832,-5843518165523212471
-8800029253812071912,-7534240757267992657,-8286289711960957081,962287586799267519,6669026579073415958,-3387298624573211014
6766105865162331239,-3462051751080362224,-1878569380455769122,6999813113145211708,-6728844082024523434,-3872763991286728274
3585886677712899987,-5257244885628286303,-8068727428160395745,5053372977408537204,-434149774629603391,-9089854794058353436
3196303498841885455,8926283897590637985,1990052153136096105,7088167897470452815,-5581910915745827384,-5895530418852362770
7174452660053929140,-2123288010168989418,1184320069221244535,-2184022689343185012,8428597553954921991,-2976309714446243509
7727369224210483739,6006800146436649545,-4195851681734441295,4744297321841608877,-7638840925036528150,5410293063635507608
8946250624470221174,5967886403500658324,2628816849077589497,5817939718364925129,5817939718364925129,-7442296890640709658
363798057559041921,7775857588929395558,-2184022689343185012,8836508987743809103,886450434856305025,6797493571710971497
-5403733687257676872,-5082274522455747241,231281690254211527,-6761163882540291832,-2323511129839590090,-7666273193533605701
-7539647701814009718,-5843518165523212471,231281690254211527,-5082274522455747241,-7273935215244206740,-2034054811536485879
2081512200574495983,-3295913657316686039,3618271604906293310,-885886002174762919,-6932442635231192683,7814856426770804213
-3040610224044779845,-5813211845057621660,2474876390020567211,6075137928366965854,8729086959762650511,2231749805468232267
-3258959365023720872,-2323511129839590090,-2405892683303291957,-5794047401651735687,-72844094766108869,-5843518165523212471
-4309525417316029305,3293246847422795557,-8052188270551570124,-4132331404553626868,348632682812866328,7775857588929395558
-7555896091148631419,-8933526098329881084,-2855218766021441159,2277184202014276839,8628621643938810986,9026402401132606773
-9089854794058353436,-2440547657721869309,5053372977408537204,4430520614172753870,-5257244885628286303,-434149774629603391
-5829979886567267504,-1606909838151129701,-6884335507424704154,-340541651592032197,-6340141548068597572,-3179358869851478234
-3387298624573211014,-1447641181396994093,-3231932874544830919,-6761163882540291832,-2323511129839590090,231281690254211527
-4487024160266973763,231281690254211527,-6761163882540291832,3288699993147470797,-8591127493017117985,1117455951802655890
-3130182799308303924,-5843518165523212471,3288699993147470797,231281690254211527,-2323511129839590090,-6761163882540291832
-1452340812018195881,4546206336477094824,-5690023155612846030,1115750778137998115,231281690254211527,5779887740609126631
1059874396577697902,-2167839778474325326,-3231932874544830919,-5843518165523212471,1971653634364577968,-2323511129839590090
5328558001212551235,-3660106964555224100,-9056114023474725450,6908884359295619150,4109618890343020064,5135371516547401748
54211792749134075,-5257244885628286303,-3745582971859460684,6678691743269420670,-3751249597609107201,-6570327055377820618
-6537529846890876234,-9152398073968262186,1990052153136096105,-6728844082024523434,3091351089612339864,-4333957157636611418
-8992201526199201450,-3224698078244963479,-6642751159620064055,1908114740148100507,-2097075598039554565,3467834993860080188
-5843518165523212471,-2167839778474325326,-5082274522455747241,231281690254211527,4815632823882298534,-72844094766108869
8856169137131817223,4815632823882298534,5779887740609126631,-5082274522455747241,231281690254211527,1115750778137998115
2715453133655798791,-6872546942144599345,6569463984699537820,-623310439329591027,-2855218766021441159,8195862936106508846
1992928170409443117,4546206336477094824,-2323511129839590090,4815632823882298534,-6584408680441477889,-5082274522455747241
-4024778022934140027,7775857588929395558,-2923886912694084893,-6215634663594744290,3293246847422795557,-8900113512825364282
-1787737696395220629,-8146108036639482450,231281690254211527,-5082274522455747241,1115750778137998115,-3130182799308303924
-4195851681734441295,-7638840925036528150,672199059798181601,4744297321841608877,-91139000311163410,5410293063635507608
711995695898078056,-2323511129839590090,231281690254211527,-5082274522455747241,1971653634364577968,2321412363020240814
7506614456429888492,2006478190737700267,-3951274083288934897,5211673327552264703,-4561077506184283336,-2923886912694084893
-3058031327323357308,5484061377044071389,-7646922141533719881,5854206600849997966,428486625959995206,-14569272361926584
5901067357946111913,-6761163882540291832,4815632823882298534,-2323511129839590090,-5082274522455747241,-2167839778474325326
-3295730307439884506,6587635730509289343,-14569272361926584,1450769039556893440,524776334673868069,-532999578436827210
-3073433549435888423,5901067357946111913,2870099478920706993,3056097063387494549,4667058261084775379,-2167839778474325326
-7977868424702448788,-6761163882540291832,8020104407235635818,231281690254211527,1971653634364577968,-2323511129839590090
-7762049078455894395,8310689940464940949,-5314778455998444995,-14569272361926584,5854206600849997966,-3058031327323357308
2096088841518695759,4815632823882298534,1115750778137998115,-5082274522455747241,-2323511129839590090,231281690254211527
-3248233692182971167,-6642751159620064055,2171312647242674161,-3224698078244963479,-115892576593938933,6565723369088595990
-8278375716950339547,-8800029253812071912,-4762897581600184489,31349081826574004,4859179221363512189,4422997595777504091
-4893195573827770029,5929055844564382383,6831941111848480366,5930806521893160184,2952636544547704346,-3060116862184714437
3151913710743441986,-879594538384021068,-5843518165523212471,231281690254211527,-5082274522455747241,-2323511129839590090
2725842723638001955,-3850803681204406658,-7294716554902079523,-5082274522455747241,-6590064508646491981,231281690254211527
6800965548226529308,6195056361889291497,215332765550420709,6716649347760033969,-1101361754763388054,2572662123697831414
5929055844564382383,6844164348224220577,8631616594020837056,5930806521893160184,-3060116862184714437,-8900113512825364282
5053372977408537204,-3269885695260066314,4430520614172753870,-5257244885628286303,-9089854794058353436,-434149774629603391
-7463572107837163154,1639450243805666792,-5637143900506554933,1328618437884612347,6678691743269420670,8900292750226176660
-8680242653057858999,-6207670654614839859,-4163754746025598258,-3179358869851478234,2399228553079505025,-3269885695260066314
2847365042071859088,6892165923784661946,-1609424513692297222,-2139739377293212491,-713893030279048092,2847365042071859088
-713893030279048092,6892165923784661946,-1609424513692297222,-2139739377293212491,2847365042071859088,2847365042071859088
2847365042071859088,6892165923784661946,-1609424513692297222,-2139739377293212491,-713893030279048092,2847365042071859088
4869691310149728361,-7442296890640709658,5967886403500658324,2628816849077589497,5817939718364925129,5817939718364925129
-2358644309529026633,2847365042071859088,-2139739377293212491,-6511604233888915532,-7442296890640709658,7814856426770804213
6892165923784661946,-1173087925894083974,-2139739377293212491,2847365042071859088,2847365042071859088,-713893030279048092
-2139739377293212491,6892165923784661946,-1609424513692297222,2847365042071859088,2847365042071859088,-713893030279048092
4164212115654350513,5263606973029607223,8526042588044002101,6870972580508513306,-1999468346928419252,5211673327552264703
-8480712303720557641,-5160830061297425098,1328618437884612347,-115909536143817330,-9033211547111606164,5211673327552264703
4780818054552370624,5211673327552264703,-8934199835393138432,1751822544912242581,-115909536143817330,5949788789046720741
-6511604233888915532,-2139739377293212491,-2358644309529026633,2847365042071859088,2847365042071859088,-7442296890640709658
4859179221363512189,-6570327055377820618,6678691743269420670,-8278375716950339547,6797493571710971497,31349081826574004
-1609424513692297222,-7638840925036528150,-2139739377293212491,-713893030279048092,2847365042071859088,2847365042071859088
-7388035385087807288,215332765550420709,7775857588929395558,-847494979958007433,-115892576593938933,-6642751159620064055
6195056361889291497,-6289909056857931861,7775857588929395558,3772685586944428188,-6642751159620064055,4904775878165401439
4428409432282393251,4717008760225392411,6817244649248188271,-5690023155612846030,-2167839778474325326,-2323511129839590090
8289311442635691404,6678691743269420670,-7384231993217222764,5258604889412591249,-5736221996280340620,-8068727428160395745
3058137260516373249,1328618437884612347,7506614456429888492,5211673327552264703,-9152398073968262186,-4070929606295451361
5271205718596251417,1184320069221244535,-6728844082024523434,6227065897176996407,-4333957157636611418,-4996336942690402156
-3060116862184714437,4785499183287168509,2952636544547704346,-3951274083288934897,5929055844564382383,5930806521893160184
-4561077506184283336,6892866957050839435,5313335392004163852,-2923886912694084893,7506614456429888492,2006478190737700267
8195862936106508846,7510090557616166004,564282370384747453,7526977287801930517,-847494979958007433,4817624205684040310
1851975995406778464,1115750778137998115,8856169137131817223,-2405892683303291957,-5082274522455747241,-6584408680441477889
9045808098977760576,7419040071212162906,-2487699318115820990,-9033211547111606164,-8717945432162716060,4422997595777504091
7138108653908662095,1115750778137998115,-1663441888197894674,4909630283317268181,4815632823882298534,457505998997890101
-7666273193533605701,-5082274522455747241,231281690254211527,-6761163882540291832,-2323511129839590090,-5403733687257676872
-3071732669882279801,231281690254211527,8020104407235635818,1115750778137998115,-1511619461666295654,-2323511129839590090
-8954346068661072425,215332765550420709,6797493571710971497,-7191607771634445823,1561244083438776495,7631327570702153011
-4582216289807398227,-1181242543195516037,1908114740148100507,-6851425181090952724,-6932442635231192683,569574447134368517
-1173087925894083974,-3745582971859460684,-5637143900506554933,-434149774629603391,-9089854794058353436,6892165923784661946
6985167957194730651,5211673327552264703,2255878226385826814,569574447134368517,7345394467579731315,1908114740148100507
2642993575444549134,-8582642829303844420,8946250624470221174,-7442296890640709658,-7732246497578572511,6049739262059615567
-4333957157636611418,-8800029253812071912,-6537529846890876234,7424795099560672335,5271205718596251417,-4996336942690402156
4700641534148321049,2628816849077589497,5817939718364925129,5817939718364925129,8946250624470221174,-7442296890640709658
-1525688508571111688,5258604889412591249,-2976309714446243509,-1324705355456975418,2438237966002226084,685073630661800600
5967886403500658324,8946250624470221174,-7442296890640709658,5817939718364925129,5817939718364925129,2628816849077589497
6892866957050839435,-7499831854130267106,5395868751435718725,-9086955082453789880,-1606909838151129701,-4070929606295451361
7926736692763443624,4607279316199873708,7775857588929395558,7419040071212162906,-8717945432162716060,-3872763991286728274
2531450382701518075,3407455496422791860,5842191581670322333,5484061377044071389,4785499183287168509,-8502883448980287228
722931447608069342,-2405892683303291957,-2323511129839590090,-2167839778474325326,-6761163882540291832,-1306208577536428610
-8885776096632729273,-2323511129839590090,4815632823882298534,167668355036921406,231281690254211527,-5082274522455747241
1829180586132834070,5681075485882787671,-6739959707791598779,-1425776303341065806,-8934199835393138432,-5953227649059336919
9209886322932807692,231281690254211527,-5082274522455747241,-5690023155612846030,1115750778137998115,5779887740609126631
-5231736210378596444,348632682812866328,-115909536143817330,7775857588929395558,-8717945432162716060,-885453047081832598
-6119620726358216329,-115909536143817330,-8717945432162716060,-9033211547111606164,4422997595777504091,-4158297476631283435
6049739262059615567,1115750778137998115,231281690254211527,5779887740609126631,4815632823882298534,-5082274522455747241
7636423839699365160,3407455496422791860,-7534240757267992657,5688444173453700360,7506614456429888492,-6564402465035266866
-8582642829303844420,6569463984699537820,6892165923784661946,8946250624470221174,-2855218766021441159,-7442296890640709658
-1243978819371381632,8946250624470221174,2847365042071859088,2847365042071859088,-1609424513692297222,-7442296890640709658
3385087622593663739,6868454399455433725,-623310439329591027,6463551093741815202,-1150591229250318592,-2424983931459616622
8769121796537771237,8020104407235635818,-2167839778474325326,2870099478920706993,-1306208577536428610,881166463209244600
8340838192486391835,-9152398073968262186,5053372977408537204,-5637143900506554933,-6570327055377820618,6678691743269420670
3032648342029994387,-2323511129839590090,-5843518165523212471,-1306208577536428610,409265364477466508,-1463025432902754108
-6590064508646491981,-5082274522455747241,2725842723638001955,-8606063418076691067,4891010769166501207,2543311963908571128
-5729915270134094048,7202701636941380671,5524888769622800245,-8606063418076691067,2543311963908571128,4891010769166501207
-4163754746025598258,-6340141548068597572,-8680242653057858999,3293246847422795557,8659918766210334195,6236312923258954569
-1072987232233605661,-9040419159428373932,-7666273193533605701,-5924653357616257702,-5924653357616257702,-5403733687257676872
-3267081294086663175,3058137260516373249,-8954346068661072425,-4070929606295451361,-9152398073968262186,8628621643938810986
4647928672998188259,1797385737206265555,8748370453256790422,-9086955082453789880,5395868751435718725,7419040071212162906
1115750778137998115,-879594538384021068,8856169137131817223,231281690254211527,5779887740609126631,-5082274522455747241
2441555519716118559,4815632823882298534,1115750778137998115,4546206336477094824,-5082274522455747241,5779887740609126631
-4270702541777554377,-7534240757267992657,-5953227649059336919,-4996336942690402156,-6728844082024523434,-6380034335041404646
-5637143900506554933,-9089854794058353436,-434149774629603391,-6570327055377820618,6678691743269420670,-253149055249888078
5847042211895226591,1649752043999819668,3091351089612339864,6097677219931837830,-2097075598039554565,4702453495211185350
6669026579073415958,-6380034335041404646,-8800029253812071912,-8286289711960957081,-7534240757267992657,962287586799267519
5258604889412591249,1328618437884612347,-9033211547111606164,-6244754482621048226,-3745582971859460684,-8068727428160395745
393734797767236089,-282629989972409543,-6468782714472551646,2870099478920706993,393734797767236089,-5011709367955107239
393734797767236089,-282629989972409543,-6468782714472551646,2870099478920706993,393734797767236089,-5011709367955107239
-5011709367955107239,-282629989972409543,-6468782714472551646,2870099478920706993,393734797767236089,-5011709367955107239
-6564402465035266866,-6851425181090952724,3679601493757850490,-7534240757267992657,7636423839699365160,5688444173453700360
2314077149264083254,-2097075598039554565,5135371516547401748,223316996491584050,-9152398073968262186,4945121243335041737
6187300944962737279,1328618437884612347,8340838192486391835,6678691743269420670,5258604889412591249,-6570327055377820618
-4205603734017049464,2215773447123360543,4909630283317268181,-6761163882540291832,-2405892683303291957,231281690254211527
-6579094253358169934,2760335717049716507,5929055844564382383,5037403311832115000,5930806521893160184,-8900113512825364282
7202701636941380671,-7762049078455894395,4891010769166501207,6947862790919978120,-5729915270134094048,5429045128339158843
2543311963908571128,-6590064508646491981,-5729915270134094048,5524888769622800245,4891010769166501207,-8606063418076691067
-8606063418076691067,-6590064508646491981,-5729915270134094048,5524888769622800245,4891010769166501207,2543311963908571128
6591221581057159843,3467834993860080188,7727369224210483739,6797493571710971497,7631327570702153011,215332765550420709
1642787330067525131,-502840688786875793,-72844094766108869,-5843518165523212471,-5794047401651735687,2050138727387005412
-4831310174172854034,8526042588044002101,3262705634545542432,-2976309714446243509,-7646922141533719881,6947862790919978120
4532698165746826599,4785499183287168509,886450434856305025,3407455496422791860,-7534240757267992657,-2976309714446243509
3262705634545542432,-2976309714446243509,8526042588044002101,-7646922141533719881,6947862790919978120,-4831310174172854034
-7732246497578572511,-8009994379436553252,-7442296890640709658,-1897853393557630253,2642993575444549134,6049739262059615567
7814856426770804213,-1243978819371381632,-7638840925036528150,2081512200574495983,-7442296890640709658,-2358644309529026633
6797493571710971497,-7191607771634445823,-6642751159620064055,8836508987743809103,-8353590933060505654,-2940536914889279273
-8009994379436553252,-5257244885628286303,5053372977408537204,-9086955082453789880,-9089854794058353436,-434149774629603391
5688444173453700360,3679601493757850490,6669026579073415958,962287586799267519,428486625959995206,-7534240757267992657
4815632823882298534,231281690254211527,457505998997890101,-6761163882540291832,-5843518165523212471,-5082274522455747241
-78667914647336721,4532698165746826599,4785499183287168509,-4831310174172854034,-2976309714446243509,-2123288010168989418
1649752043999819668,-885886002174762919,-3020916840917845519,1873952032843878490,-2097075598039554565,2930191803881821526
-2940536914889279273,2399228553079505025,5258604889412591249,-6570327055377820618,6797493571710971497,-8353590933060505654
7345394467579731315,6669026579073415958,-115909536143817330,-8473322535064919980,-713893030279048092,-532999578436827210
6389624212149850449,-115909536143817330,672199059798181601,5410293063635507608,5211673327552264703,6006800146436649545
-8657415528200615063,2572662123697831414,-1101361754763388054,2930191803881821526,-2097075598039554565,1649752043999819668
-6215634663594744290,7775857588929395558,-4024778022934140027,5111115201913219115,3293246847422795557,8836508987743809103
-8781597910014596432,-5082274522455747241,-2323511129839590090,-5843518165523212471,-2405892683303291957,231281690254211527
1117455951802655890,-6761163882540291832,-3513353119850106583,3288699993147470797,-8591127493017117985,-4487024160266973763
6658481071718074876,2834072258350675251,-340541651592032197,-8591127493017117985,231281690254211527,-2708021095252721995
-8615008595949058842,2399228553079505025,-3269885695260066314,-7191607771634445823,-3751249597609107201,6678691743269420670
-3307413259092352650,-6728844082024523434,-14569272361926584,5854206600849997966,-6642751159620064055,1469580151036142903
3465127447598546258,-7525512143002603676,2255878226385826814,1184320069221244535,8057379878708189245,5395868751435718725
-2440547657721869309,8424505741986577894,5053372977408537204,-5257244885628286303,-9089854794058353436,-434149774629603391
7401798504722165526,-879594538384021068,4815632823882298534,2096088841518695759,1115750778137998115,231281690254211527
-2855218766021441159,1751822544912242581,-8582642829303844420,-7215110246375999491,-6872546942144599345,6569463984699537820
-91139000311163410,-7638840925036528150,672199059798181601,-1999468346928419252,-4195851681734441295,5410293063635507608
-6642751159620064055,-847494979958007433,-6728844082024523434,-2976309714446243509,5854206600849997966,1469580151036142903
-498795758651788662,2930191803881821526,-7130425546996181071,1649752043999819668,-7108012586837980940,3566197569262766169
8628621643938810986,348632682812866328,9026402401132606773,-3267081294086663175,2277184202014276839,-7555896091148631419
6034099213718885791,6634206168889468590,-2400879112398974660,826748584447376099,-5283011611531067471,-7130425546996181071
5524888769622800245,-6590064508646491981,-5729915270134094048,-8606063418076691067,4891010769166501207,2543311963908571128
-790959521412948853,231281690254211527,1115750778137998115,-5082274522455747241,-2323511129839590090,6750029764020453263
-6510151088126868601,5395868751435718725,5842191581670322333,3999205546352981758,-5458316826145145813,2255878226385826814
4422997595777504091,-9033211547111606164,31349081826574004,-2487699318115820990,8353614127518545485,-4762897581600184489
-9056114023474725450,-3660106964555224100,-4640750981890093183,5328558001212551235,6908884359295619150,5135371516547401748
2106559900295325351,-3307413259092352650,5854206600849997966,-6642751159620064055,1469580151036142903,-14569272361926584
6947862790919978120,5429045128339158843,3382795524953511662,7202701636941380671,-4831310174172854034,-7646922141533719881
-3751249597609107201,-3745582971859460684,3750772607644674028,-5637143900506554933,5258604889412591249,6678691743269420670
2399228553079505025,-6639617916149472585,-8473322535064919980,5258604889412591249,-8068727428160395745,2399228553079505025
-8068727428160395745,1328618437884612347,-9033211547111606164,-6244754482621048226,-3745582971859460684,5258604889412591249
-3513353119850106583,1117455951802655890,-2405892683303291957,-2323511129839590090,-6761163882540291832,4717008760225392411
-3351652027149912881,3293246847422795557,6797493571710971497,-14569272361926584,3714350889740403446,8836508987743809103
-4483059513836093676,3058137260516373249,5842191581670322333,8708452471825540133,-4024778022934140027,-8900113512825364282
-6932442635231192683,4422997595777504091,-6798063491592860025,2081512200574495983,-885886002174762919,-1181242543195516037
-266262937631881148,4895396506368139469,6634206168889468590,826748584447376099,-7130425546996181071,-5283011611531067471
4904775878165401439,-3872763991286728274,6009447229221815725,-6642751159620064055,-1101361754763388054,6195056361889291497
-7423191370472335463,9209886322932807692,231281690254211527,-5082274522455747241,1115750778137998115,5779887740609126631
-1353560213232970946,-1306208577536428610,-686679025328909441,-2167839778474325326,-502840688786875793,2215773447123360543
6908884359295619150,826748584447376099,-2400879112398974660,-4640750981890093183,-5283011611531067471,5135371516547401748
3399073250354435892,-5283011611531067471,6908884359295619150,-266262937631881148,-2184022689343185012,3399073250354435892
3399073250354435892,-5283011611531067471,6908884359295619150,-266262937631881148,-2184022689343185012,3399073250354435892
4717008760225392411,-2323511129839590090,1971653634364577968,-6761163882540291832,231281690254211527,-5082274522455747241
-1511619461666295654,-4358357193736101128,-2323511129839590090,-5843518165523212471,8020104407235635818,-3071732669882279801
-8677396111092711799,2870099478920706993,-5011709367955107239,393734797767236089,393734797767236089,-6468782714472551646
-9152398073968262186,2314077149264083254,8340838192486391835,3058137260516373249,6817244649248188271,-4070929606295451361
-1606980109000976010,722931447608069342,3562616807243819955,-1306208577536428610,-6761163882540291832,4717008760225392411
3293246847422795557,4671890082953295903,5111115201913219115,7775857588929395558,-6215634663594744290,8836508987743809103
5263606973029607223,5484061377044071389,428486625959995206,6006800146436649545,-2097075598039554565,-7646922141533719881
8836508987743809103,4702453495211185350,5111115201913219115,7775857588929395558,-6215634663594744290,3293246847422795557
-1425776303341065806,-7666273193533605701,-5403733687257676872,-2323511129839590090,-2167839778474325326,-6761163882540291832
-8353590933060505654,-9033211547111606164,5258604889412591249,-6570327055377820618,6797493571710971497,-2940536914889279273
-4451918963121780798,-8068727428160395745,5211673327552264703,-4309525417316029305,-6340141548068597572,3293246847422795557
4667058261084775379,4815632823882298534,-6761163882540291832,231281690254211527,-5843518165523212471,-2167839778474325326
8926283897590637985,6847460841437230342,-6728844082024523434,1990052153136096105,8302949268716967655,1220948775534529013
3056097063387494549,-2323511129839590090,-5843518165523212471,2215773447123360543,2870099478920706993,-2167839778474325326
-9086955082453789880,-8009994379436553252,6892866957050839435,-623310439329591027,-5458316826145145813,5395868751435718725
-2780168264183400543,1184320069221244535,6678691743269420670,-4029704725707465084,-7732246497578572511,-4925213312961842798
-3269885695260066314,-6639617916149472585,-8473322535064919980,5258604889412591249,-8068727428160395745,2399228553079505025
8353614127518545485,5211673327552264703,-2487699318115820990,428486625959995206,-9033211547111606164,4422997595777504091
4671890082953295903,-3269885695260066314,-3951274083288934897,7506614456429888492,3293246847422795557,4866620033136147586
6750029764020453263,-5690023155612846030,4546206336477094824,-2323511129839590090,-5082274522455747241,-790959521412948853
-6245524727898921842,1797385737206265555,-8009994379436553252,-1150591229250318592,-7499831854130267106,1532206435917316688
-6466212324513658217,8302949268716967655,-4270702541777554377,6917508501173008954,-6380034335041404646,3618271604906293310
-4158297476631283435,-6728844082024523434,-2424983931459616622,-2976309714446243509,886450434856305025,-6119620726358216329
7334805502505837712,-9040419159428373932,-1306208577536428610,-7047448754687279385,-2405892683303291957,-2323511129839590090
-4293262855938209141,5037403311832115000,5930806521893160184,-3951274083288934897,-3060116862184714437,4785499183287168509
-6772450850499951060,-4996336942690402156,-5160830061297425098,7419040071212162906,-1999468346928419252,1561244083438776495
-623310439329591027,-5458316826145145813,5395868751435718725,-9086955082453789880,8659918766210334195,6236312923258954569
231281690254211527,4815632823882298534,5779887740609126631,-6761163882540291832,1115750778137998115,-5082274522455747241
-7905002887579197656,31349081826574004,-8286289711960957081,8708452471825540133,-6564402465035266866,-273156842634169039
-7130425546996181071,5005421293875190218,6634206168889468590,4895396506368139469,-5283011611531067471,826748584447376099
-5895530418852362770,-6207670654614839859,-3951274083288934897,4785499183287168509,-3179358869851478234,-7384231993217222764
7529823674661315431,-3348652277274905234,-7273935215244206740,-6798063491592860025,-624901815223005993,-6851896696719147400
-2871347907044769386,-6215634663594744290,-1878569380455769122,428486625959995206,1328618437884612347,717471739656838182
6999813113145211708,-2871347907044769386,-6728844082024523434,3091351089612339864,6766105865162331239,-1878569380455769122
1328618437884612347,-1419188045265393093,5258604889412591249,-8068727428160395745,5211673327552264703,-9033211547111606164
-3348652277274905234,-2323511129839590090,-6851896696719147400,-6798063491592860025,7529823674661315431,-7273935215244206740
-2167839778474325326,4815632823882298534,8020104407235635818,-5843518165523212471,-2323511129839590090,2215773447123360543
7850245260835292221,4815632823882298534,1115750778137998115,5779887740609126631,-5082274522455747241,-3687965339291665275
-3687965339291665275,4546206336477094824,1115750778137998115,5779887740609126631,-5082274522455747241,7850245260835292221
-1878569380455769122,8289800212949675494,-2871347907044769386,6766105865162331239,3091351089612339864,6999813113145211708
-253149055249888078,-6639617916149472585,5258604889412591249,-6570327055377820618,6678691743269420670,-5637143900506554933
-8145607370067359341,-91139000311163410,4744297321841608877,-115892576593938933,5410293063635507608,8243193415815549463
319340024738595907,3704349024245704692,-6761163882540291832,9213260650272029784,4667058261084775379,967143806332397325
5313335392004163852,4785499183287168509,6716649347760033969,3382795524953511662,7506614456429888492,-9033346036688923648
-4925213312961842798,-7463572107837163154,834896074125772354,1220948775534529013,6678691743269420670,-2780168264183400543
6222001809679591440,5929055844564382383,6607431762270322325,-1676378465482420452,8424505741986577894,8631616594020837056
6870972580508513306,5211673327552264703,1328618437884612347,-115909536143817330,4164212115654350513,-9033211547111606164
8243193415815549463,-2400879112398974660,-2715495584815099454,826748584447376099,6634206168889468590,-7130425546996181071
6917508501173008954,-6215634663594744290,8836508987743809103,3618271604906293310,5111115201913219115,3293246847422795557
8428597553954921991,-2123288010168989418,-3951274083288934897,3407455496422791860,4785499183287168509,3772685586944428188
1639450243805666792,-759389978085260161,6034099213718885791,-1878569380455769122,8900292750226176660,-7463572107837163154
2215773447123360543,-5843518165523212471,4815632823882298534,-502840688786875793,-1353560213232970946,-2167839778474325326
7978090893338710234,-2323511129839590090,-9040419159428373932,7529823674661315431,-7666273193533605701,-5403733687257676872
-5689187996536546877,-7108012586837980940,-2976309714446243509,4546206336477094824,2841545035570793472,-74366709451305894
-2808959554282640221,8836508987743809103,-3482581255202910790,-3058031327323357308,-14569272361926584,6075137928366965854
-6584408680441477889,-5843518165523212471,8355302955998803709,231281690254211527,1115750778137998115,-2323511129839590090
-1129449063360470561,-2323511129839590090,-7666273193533605701,-5082274522455747241,-5403733687257676872,-3850803681204406658
8786528563105605644,3704349024245704692,896159636285333275,-253149055249888078,-6851425181090952724,-4608017393995766765
-5470166294767187597,-4070929606295451361,6817244649248188271,-1609424513692297222,-9152398073968262186,-7638840925036528150
3288699993147470797,4546206336477094824,-6761163882540291832,-2167839778474325326,-2323511129839590090,-4487024160266973763
3739926497176994524,-879594538384021068,231281690254211527,1115750778137998115,-5082274522455747241,4815632823882298534
-7646922141533719881,428486625959995206,-4831310174172854034,5263606973029607223,-1419188045265393093,6947862790919978120
3801658304588389996,3750772607644674028,6678691743269420670,-4280604324733069853,-3269885695260066314,2399228553079505025
-3745582971859460684,1328618437884612347,-8473322535064919980,-6244754482621048226,-8068727428160395745,5258604889412591249
1873952032843878490,-6728844082024523434,-4831310174172854034,-2097075598039554565,-2976309714446243509,-3020916840917845519
3116298625885250927,3801658304588389996,7375475877233036849,5111115201913219115,1536798472239364319,3618271604906293310
-1104501717379772664,2379460324923679020,-6761163882540291832,-4487024160266973763,8779890754987103603,679005777543560737
1561244083438776495,672199059798181601,-7638840925036528150,4744297321841608877,-8954346068661072425,5410293063635507608
-547324075613341407,-502840688786875793,-6761163882540291832,-2167839778474325326,-5843518165523212471,-1306208577536428610
-2555801390963402198,-2405892683303291957,-2323511129839590090,231281690254211527,-5082274522455747241,-5843518165523212471
-7294716554902079523,-2323511129839590090,231281690254211527,1115750778137998115,5779887740609126631,-5082274522455747241
4746056663292225769,-7534240757267992657,6195056361889291497,-5953227649059336919,3585886677712899987,-8068727428160395745
7263689301643675785,-3872763991286728274,-14569272361926584,-3751249597609107201,8302949268716967655,1649752043999819668
7511744555558105059,1737303669706106633,-2976309714446243509,6765368095966422513,-3751249597609107201,-6728844082024523434
-3870325027932266414,-7646922141533719881,5211673327552264703,5688444173453700360,-2424983931459616622,5949788789046720741
-5570795524983603787,3293246847422795557,7506614456429888492,-4309525417316029305,-6207670654614839859,-4132331404553626868
-759389978085260161,-3872763991286728274,8900292750226176660,6766105865162331239,569574447134368517,1639450243805666792
8355302955998803709,231281690254211527,1115750778137998115,-2323511129839590090,-5843518165523212471,-6584408680441477889
-6739959707791598779,-7529178973676767391,5681075485882787671,-4762897581600184489,-5953227649059336919,-5829402940194444779
-2400879112398974660,6634206168889468590,6868454399455433725,4895396506368139469,5005421293875190218,-4640750981890093183
7203367456821804602,6634206168889468590,-4640750981890093183,4895396506368139469,-2400879112398974660,5005421293875190218
4895396506368139469,-7130425546996181071,6634206168889468590,-2400879112398974660,-4640750981890093183,5005421293875190218
6634206168889468590,-7130425546996181071,4895396506368139469,-2400879112398974660,5005421293875190218,-5283011611531067471
5005421293875190218,-7130425546996181071,6634206168889468590,4895396506368139469,-4640750981890093183,-2400879112398974660
4037478513037442964,5005421293875190218,4895396506368139469,-2400879112398974660,-4640750981890093183,6868454399455433725
-4640750981890093183,4037478513037442964,6868454399455433725,4895396506368139469,5005421293875190218,-2400879112398974660
6868454399455433725,4895396506368139469,5005421293875190218,-4640750981890093183,-2400879112398974660,4037478513037442964
6953968734027801757,-6761163882540291832,4546206336477094824,4815632823882298534,1115750778137998115,-5082274522455747241
-5790539535722288419,2399228553079505025,-3269885695260066314,-8068727428160395745,5258604889412591249,-3751249597609107201
2841545035570793472,-7108012586837980940,6831941111848480366,-74366709451305894,-8314629309720421219,-5689187996536546877
2171312647242674161,-6642751159620064055,6565723369088595990,-115892576593938933,-8314629309720421219,-3248233692182971167
3382987666565638029,3293246847422795557,-807868207410889392,5053372977408537204,2867605706298498445,-4608017393995766765
-8535131855706279960,2617330491231854367,378386436485699053,1642787330067525131,-1606980109000976010,2050138727387005412
2867605706298498445,-4762897581600184489,3382987666565638029,8550670510357310628,-7358932766266901263,-7358932766266901263
-3951274083288934897,-2123288010168989418,5929055844564382383,5930806521893160184,-3060116862184714437,4785499183287168509
1450769039556893440,-6742146164569753679,-8068727428160395745,-7191607771634445823,1532206435917316688,-5881946480525580860
4169374063813159761,-5082274522455747241,-6761163882540291832,-5843518165523212471,4815632823882298534,4169374063813159761
4169374063813159761,-5082274522455747241,-6761163882540291832,-5843518165523212471,4815632823882298534,4169374063813159761
8310689940464940949,-6872546942144599345,-8047634385511625486,-6215634663594744290,4532698165746826599,-5314778455998444995
-885453047081832598,7775857588929395558,6097677219931837830,-1101361754763388054,-8717945432162716060,-5231736210378596444
-7499831854130267106,-6245524727898921842,5930806521893160184,-9086955082453789880,6892866957050839435,5395868751435718725
7934258011380835332,8020104407235635818,-2323511129839590090,-2405892683303291957,-1306208577536428610,-7264217791213422584
6104598399077154797,5779887740609126631,231281690254211527,1115750778137998115,4815632823882298534,-5082274522455747241
-7529178973676767391,-5953227649059336919,5761988486867612282,5681075485882787671,-6739959707791598779,-5829402940194444779
4677417698542178243,-6639617916149472585,-6570327055377820618,-253149055249888078,6678691743269420670,-5637143900506554933
-2962461122453899874,-9040419159428373932,-5843518165523212471,7529823674661315431,-2323511129839590090,-3850803681204406658
-807868207410889392,5053372977408537204,-5257244885628286303,-9089854794058353436,5258604889412591249,6678691743269420670
6407605752151817831,-8068727428160395745,-7384231993217222764,8057379878708189245,1184320069221244535,-273156842634169039
-273156842634169039,-9033211547111606164,4422997595777504091,-6119620726358216329,-1181242543195516037,-7905002887579197656
3772685586944428188,-6215634663594744290,4785499183287168509,-6289909056857931861,6195056361889291497,8428597553954921991
-241724866433160984,-2167839778474325326,4909630283317268181,-5843518165523212471,-6761163882540291832,-2323511129839590090
-4070929606295451361,8340838192486391835,-9152398073968262186,3058137260516373249,-1606909838151129701,6892866957050839435
2121807307434667949,2617330491231854367,-3850803681204406658,231281690254211527,-6761163882540291832,-1306208577536428610
-1306208577536428610,231281690254211527,-2167839778474325326,-2323511129839590090,-2405892683303291957,-5843518165523212471
881166463209244600,722931447608069342,-6761163882540291832,-5843518165523212471,2870099478920706993,-1306208577536428610
8869347744613364434,-2323511129839590090,1115750778137998115,4815632823882298534,231281690254211527,-5082274522455747241
-1101361754763388054,-2097075598039554565,-885453047081832598,6800965548226529308,4904775878165401439,2572662123697831414
2006478190737700267,-4070929606295451361,6892866957050839435,-2923886912694084893,7506614456429888492,-4561077506184283336
962287586799267519,5688444173453700360,-6380034335041404646,-8286289711960957081,-7534240757267992657,6669026579073415958
3380406830501456504,-8146108036639482450,-5843518165523212471,4815632823882298534,-2323511129839590090,-5082274522455747241
-434149774629603391,4430520614172753870,-5637143900506554933,5053372977408537204,-5257244885628286303,-9089854794058353436
564282370384747453,-6728844082024523434,-2976309714446243509,2438237966002226084,685073630661800600,-1324705355456975418
8640945691036622521,5037403311832115000,-4029704725707465084,-7732246497578572511,6658481071718074876,7088167897470452815
7088167897470452815,1954991916791271993,-5581910915745827384,-4029704725707465084,8640945691036622521,5037403311832115000
-2123288010168989418,-6728844082024523434,7424795099560672335,4785499183287168509,3407455496422791860,-2976309714446243509
-2097075598039554565,5258604889412591249,5263606973029607223,1649752043999819668,3091351089612339864,2930191803881821526
-3020916840917845519,-6728844082024523434,-4831310174172854034,-2097075598039554565,-2976309714446243509,-3020916840917845519
-2405892683303291957,-6761163882540291832,-2167839778474325326,-5843518165523212471,-2323511129839590090,231281690254211527
-4358357193736101128,4815632823882298534,-2323511129839590090,1115750778137998115,231281690254211527,-5082274522455747241
3716124214746295857,231281690254211527,-1306208577536428610,-6761163882540291832,4815632823882298534,-5843518165523212471
-5736221996280340620,-6207670654614839859,-5154395767417065070,3440451510720294447,8289311442635691404,-7384231993217222764
-6659933088254630422,-7108012586837980940,-3872763991286728274,-6728844082024523434,6766105865162331239,-4996336942690402156
-6639617916149472585,-5637143900506554933,6678691743269420670,-253149055249888078,2399228553079505025,-3269885695260066314
-1463025432902754108,231281690254211527,-5843518165523212471,-2323511129839590090,-1306208577536428610,409265364477466508
-1878128207048892154,5524888769622800245,-6728844082024523434,3618271604906293310,-6642751159620064055,1469580151036142903
-1324705355456975418,564282370384747453,-2976309714446243509,2438237966002226084,-1525688508571111688,685073630661800600
-1259410223376598430,7697593937932606048,-4640750981890093183,-686679025328909441,6868454399455433725,4037478513037442964
-7215110246375999491,5211673327552264703,-115909536143817330,-9033211547111606164,-2855218766021441159,6569463984699537820
-8286289711960957081,-6380034335041404646,-8800029253812071912,6669026579073415958,-7534240757267992657,962287586799267519
-2373876979584952849,4815632823882298534,231281690254211527,1115750778137998115,5779887740609126631,-5082274522455747241
6569463984699537820,-6761163882540291832,8779890754987103603,-6872546942144599345,-2855218766021441159,-7215110246375999491
18738895644634365,5779887740609126631,-6761163882540291832,8355302955998803709,-1452340812018195881,-1425776303341065806
8526042588044002101,4780818054552370624,-115909536143817330,1328618437884612347,-4831310174172854034,5211673327552264703
4744297321841608877,672199059798181601,-1999468346928419252,-4195851681734441295,-7638840925036528150,5410293063635507608
2834072258350675251,-2323511129839590090,-5082274522455747241,-5843518165523212471,231281690254211527,-7047448754687279385
2282385028752844581,5053372977408537204,-2976309714446243509,-5154395767417065070,7419040071212162906,5669290109546991426
8289800212949675494,6999813113145211708,3091351089612339864,-1878569380455769122,660451400045043370,8289800212949675494
8289800212949675494,6999813113145211708,3091351089612339864,-1878569380455769122,660451400045043370,8289800212949675494
6765368095966422513,-8068727428160395745,6678691743269420670,5258604889412591249,-3269885695260066314,2399228553079505025
-3462051751080362224,-3061741807736367554,6766105865162331239,5681075485882787671,6099026883115865746,6587635730509289343
7424795099560672335,-2123288010168989418,3407455496422791860,-6728844082024523434,-6244754482621048226,-8068727428160395745
-7034660627992927630,-1609424513692297222,-6215634663594744290,4430520614172753870,-8717945432162716060,-2896441888220202695
-5314778455998444995,5681075485882787671,-14569272361926584,6075137928366965854,-3482581255202910790,8310689940464940949
2474876390020567211,7510090557616166004,3382795524953511662,-5813211845057621660,6075137928366965854,8729086959762650511
4702453495211185350,6075137928366965854,-6215634663594744290,5111115201913219115,3293246847422795557,8836508987743809103
-5082274522455747241,-4358357193736101128,4815632823882298534,5779887740609126631,231281690254211527,1115750778137998115
4817624205684040310,-5953227649059336919,-3387298624573211014,-847494979958007433,-8800029253812071912,8195862936106508846
-72844094766108869,231281690254211527,-5794047401651735687,-2167839778474325326,4815632823882298534,-5843518165523212471
6009447229221815725,5681075485882787671,-3020916840917845519,1873952032843878490,4904775878165401439,-8286289711960957081
2379460324923679020,4546206336477094824,-3850803681204406658,-2323511129839590090,-6761163882540291832,4909630283317268181
5701873751630396950,-2323511129839590090,231281690254211527,5779887740609126631,-9194572880052200111,-1443593727366384026
7065704533945771463,-3850803681204406658,7138108653908662095,4815632823882298534,457505998997890101,-1663441888197894674
-1663441888197894674,-5843518165523212471,-6761163882540291832,4815632823882298534,457505998997890101,7065704533945771463
8833747781388133494,4815632823882298534,5779887740609126631,-5082274522455747241,-1138633255366005559,-1138633255366005559
-2715495584815099454,-2400879112398974660,4895396506368139469,-5283011611531067471,826748584447376099,-7130425546996181071
-2462651558329037716,1115750778137998115,4546206336477094824,231281690254211527,-3850803681204406658,-6761163882540291832
-4608017393995766765,-6851425181090952724,896159636285333275,8786528563105605644,2231749805468232267,3382987666565638029
8659918766210334195,-6340141548068597572,-4163754746025598258,-623310439329591027,6070279813975953742,6236312923258954569
-4738242186452730534,231281690254211527,-1306208577536428610,-6761163882540291832,-2167839778474325326,-2323511129839590090
-7655127094029937288,1115750778137998115,-2167839778474325326,-5082274522455747241,1971653634364577968,-2323511129839590090
457505998997890101,7138108653908662095,-6761163882540291832,7065704533945771463,-1663441888197894674,4815632823882298534
1580124381109623727,-879594538384021068,4815632823882298534,-5082274522455747241,231281690254211527,-5843518165523212471
4866620033136147586,-3269885695260066314,4785499183287168509,6607431762270322325,3293246847422795557,4671890082953295903
4644184613269860655,-2323511129839590090,-2405892683303291957,4546206336477094824,-5843518165523212471,-2167839778474325326
2050138727387005412,-3258959365023720872,-5843518165523212471,-72844094766108869,1642787330067525131,-5794047401651735687
7039033478836344543,-2405892683303291957,4815632823882298534,-2167839778474325326,-2323511129839590090,-5843518165523212471
2438237966002226084,564282370384747453,-2976309714446243509,-1324705355456975418,685073630661800600,-1525688508571111688
-8933526098329881084,3128282567747885251,215332765550420709,2508620055362300376,2277184202014276839,-6654470039478316910
9026402401132606773,-8933526098329881084,-6654470039478316910,8628621643938810986,2277184202014276839,-7555896091148631419
-1415040208471067980,-8502883448980287228,1328618437884612347,4780818054552370624,5211673327552264703,-115909536143817330
6214107032842332406,-2323511129839590090,4815632823882298534,1115750778137998115,231281690254211527,-5082274522455747241
1954991916791271993,-3872763991286728274,685073630661800600,5842191581670322333,7088167897470452815,-4029704725707465084
362899217568283146,-6642751159620064055,-8992201526199201450,8708452471825540133,1751822544912242581,1469580151036142903
672199059798181601,-4195851681734441295,-1999468346928419252,-91139000311163410,-7638840925036528150,5410293063635507608
-6851896696719147400,-3348652277274905234,-7273935215244206740,-6798063491592860025,-624901815223005993,7529823674661315431
-1572252285162838958,5410293063635507608,5111115201913219115,4785499183287168509,-2184022689343185012,3660989387512978561
-7108012586837980940,7419040071212162906,-5953227649059336919,-6851425181090952724,-4996336942690402156,3566197569262766169
215332765550420709,6591221581057159843,2572662123697831414,-6642751159620064055,-847494979958007433,-115892576593938933
8057379878708189245,3465127447598546258,31349081826574004,1184320069221244535,7986490214699943896,-78667914647336721
31349081826574004,-623310439329591027,-4762897581600184489,4430520614172753870,4422997595777504091,7986490214699943896
2930191803881821526,-6739959707791598779,5484061377044071389,-5920475612630001479,-2097075598039554565,1649752043999819668
428486625959995206,5688444173453700360,-7646922141533719881,-3058031327323357308,-1419188045265393093,1328618437884612347
-7384231993217222764,834896074125772354,3440451510720294447,1184320069221244535,8289311442635691404,-5736221996280340620
223316996491584050,6908884359295619150,-9089854794058353436,5135371516547401748,2314077149264083254,4945121243335041737
7697593937932606048,4815632823882298534,-2167839778474325326,-5843518165523212471,231281690254211527,-2323511129839590090
-8934199835393138432,4546206336477094824,231281690254211527,-3850803681204406658,-2323511129839590090,4815632823882298534
-7525512143002603676,-9086955082453789880,-5458316826145145813,5395868751435718725,-2890958311805113955,8289311442635691404
2231749805468232267,5484061377044071389,3467834993860080188,-3058031327323357308,-4608017393995766765,-3040610224044779845
-5680127089889759432,-4024778022934140027,-4762897581600184489,-8900113512825364282,6097677219931837830,5053372977408537204
6227065897176996407,-5829402940194444779,-4996336942690402156,31349081826574004,5271205718596251417,-7108012586837980940
7986490214699943896,4430520614172753870,8057379878708189245,-5881946480525580860,-623310439329591027,31349081826574004
-8146108036639482450,-6761163882540291832,231281690254211527,4815632823882298534,-5082274522455747241,1115750778137998115
4891010769166501207,-6590064508646491981,5524888769622800245,-8606063418076691067,-5729915270134094048,2543311963908571128
-8314629309720421219,2841545035570793472,6565723369088595990,-3248233692182971167,-115892576593938933,2171312647242674161
7526977287801930517,4532698165746826599,3407455496422791860,-7534240757267992657,-2123288010168989418,-6728844082024523434
3750772607644674028,6678691743269420670,-5637143900506554933,-3751249597609107201,-434149774629603391,-9089854794058353436
1220948775534529013,6847460841437230342,3801658304588389996,8926283897590637985,3750772607644674028,-4280604324733069853
6642437212220341339,4909630283317268181,-4358357193736101128,-5082274522455747241,2834072258350675251,-7047448754687279385
363303724138208407,5842191581670322333,3407455496422791860,7506614456429888492,6847460841437230342,-6207670654614839859
685073630661800600,564282370384747453,-2976309714446243509,2438237966002226084,-1324705355456975418,-1525688508571111688
2384931701643938149,7419040071212162906,-8717945432162716060,-6623581327558800021,-2487699318115820990,-9033211547111606164
-6836878558969096936,-7358932766266901263,8550670510357310628,8428597553954921991,7986490214699943896,31349081826574004
4546206336477094824,231281690254211527,-5082274522455747241,1115750778137998115,-2323511129839590090,-6761163882540291832
-74366709451305894,685073630661800600,7526977287801930517,-6728844082024523434,4546206336477094824,-5689187996536546877
-5924653357616257702,-2323511129839590090,-5843518165523212471,-7666273193533605701,-5403733687257676872,-5924653357616257702
-5924653357616257702,-2323511129839590090,-5843518165523212471,-7666273193533605701,-5403733687257676872,-5924653357616257702
-1668558678125613329,-2167839778474325326,-5843518165523212471,231281690254211527,4815632823882298534,-2323511129839590090
3660989387512978561,8355302955998803709,-7666273193533605701,-5082274522455747241,-5403733687257676872,-1572252285162838958
7835346487062622787,-2405892683303291957,-5082274522455747241,231281690254211527,-2323511129839590090,-4358357193736101128
3562616807243819955,4717008760225392411,-5843518165523212471,-2323511129839590090,231281690254211527,-6761163882540291832
5930806521893160184,-8900113512825364282,4785499183287168509,-3951274083288934897,5929055844564382383,-3060116862184714437
167668355036921406,1115750778137998115,4893900714822288649,-5082274522455747241,231281690254211527,-8885776096632729273
8302949268716967655,-2855218766021441159,-6872546942144599345,5111115201913219115,-6728844082024523434,4785499183287168509
3086800924266336392,231281690254211527,-7527881206365368,-2323511129839590090,1115750778137998115,-5082274522455747241
5037403311832115000,-3060116862184714437,5929055844564382383,-1606909838151129701,4785499183287168509,5930806521893160184
-340541651592032197,-8591127493017117985,-6884335507424704154,-7215110246375999491,6658481071718074876,-5829979886567267504
-2034054811536485879,-5843518165523212471,-2405892683303291957,231281690254211527,-2323511129839590090,-5082274522455747241
-6444494220871855741,-6584408680441477889,-5082274522455747241,4815632823882298534,231281690254211527,-2323511129839590090
-9020955625521881630,-5843518165523212471,4815632823882298534,-2323511129839590090,231281690254211527,-5082274522455747241
-5823398424129440733,3293246847422795557,5842191581670322333,-885453047081832598,6097677219931837830,7775857588929395558
-6851425181090952724,5688444173453700360,-3224698078244963479,-3248233692182971167,-7108012586837980940,6565723369088595990
6097677219931837830,-5953227649059336919,3407455496422791860,1797385737206265555,-5954724412982705962,5842191581670322333
1532206435917316688,7424795099560672335,8428597553954921991,-1150591229250318592,-6245524727898921842,174707786647990372
6565723369088595990,-2097075598039554565,-6851425181090952724,3091351089612339864,-3248233692182971167,-3224698078244963479
-2708021095252721995,-2323511129839590090,-7120369133608664808,1971653634364577968,6658481071718074876,-2386148284399181873
-7120369133608664808,231281690254211527,1115750778137998115,8856169137131817223,-5082274522455747241,-2323511129839590090
-8948234514303933700,5779887740609126631,-5082274522455747241,231281690254211527,1115750778137998115,-2323511129839590090
569574447134368517,5410293063635507608,5681075485882787671,4780818054552370624,5949788789046720741,1908114740148100507
-4668565519400205181,231281690254211527,-5690023155612846030,-2323511129839590090,2725842723638001955,-1511619461666295654
-6348943063155744346,7775857588929395558,-8717945432162716060,5930806521893160184,7424795099560672335,-2184022689343185012
-3191013159715472435,-5082274522455747241,-6761163882540291832,231281690254211527,4815632823882298534,-5843518165523212471
5135371516547401748,-2400879112398974660,-9056114023474725450,-3660106964555224100,-4640750981890093183,6908884359295619150
3704349024245704692,4815632823882298534,8869347744613364434,6214107032842332406,-5082274522455747241,-4358357193736101128
7375475877233036849,6678691743269420670,-5257244885628286303,-5637143900506554933,-9089854794058353436,-434149774629603391
3440451510720294447,-6761163882540291832,231281690254211527,-5843518165523212471,-5082274522455747241,4815632823882298534
-1999468346928419252,4744297321841608877,-7638840925036528150,672199059798181601,-91139000311163410,5410293063635507608
6236312923258954569,-6340141548068597572,-4163754746025598258,-623310439329591027,6070279813975953742,8659918766210334195
-3978716320611299242,7775857588929395558,6097677219931837830,-1101361754763388054,-885453047081832598,3679601493757850490
3091351089612339864,-3224698078244963479,5258604889412591249,6565723369088595990,-1878569380455769122,-2097075598039554565
-1447641181396994093,-6761163882540291832,-2323511129839590090,-2405892683303291957,231281690254211527,-3387298624573211014
967143806332397325,-2167839778474325326,-2405892683303291957,-2323511129839590090,-9020955625521881630,-6761163882540291832
3679601493757850490,-7534240757267992657,-3870325027932266414,-5231736210378596444,5688444173453700360,-3978716320611299242
-7534240757267992657,-6380034335041404646,-8286289711960957081,5688444173453700360,6669026579073415958,962287586799267519
-3872763991286728274,7775857588929395558,6766105865162331239,7419040071212162906,-8717945432162716060,7926736692763443624
-5954724412982705962,-7534240757267992657,-2976309714446243509,5842191581670322333,6097677219931837830,3407455496422791860
7419040071212162906,1797385737206265555,7926736692763443624,7775857588929395558,-3872763991286728274,-8717945432162716060
8185199775369928004,4815632823882298534,-2323511129839590090,-5843518165523212471,231281690254211527,-5082274522455747241
-5813211845057621660,2474876390020567211,3382795524953511662,-3482581255202910790,6075137928366965854,8729086959762650511
-7113155163062752691,-4358357193736101128,-6761163882540291832,-5082274522455747241,-2323511129839590090,7697593937932606048
-2386148284399181873,4815632823882298534,-6761163882540291832,231281690254211527,-2323511129839590090,-5082274522455747241
3999205546352981758,-2923886912694084893,-4024778022934140027,-8900113512825364282,2255878226385826814,-5458316826145145813
-5794047401651735687,-2405892683303291957,1642787330067525131,-72844094766108869,-5843518165523212471,2050138727387005412
5669290109546991426,5930806521893160184,-3060116862184714437,6236312923258954569,6070279813975953742,2282385028752844581
6847460841437230342,4866620033136147586,-1606909838151129701,6607431762270322325,1536798472239364319,1220948775534529013
3770082505811422124,-7047448754687279385,-2323511129839590090,-5843518165523212471,231281690254211527,-5082274522455747241
5484061377044071389,5263606973029607223,2531450382701518075,-3058031327323357308,-2715495584815099454,-8502883448980287228
-6590819806697898649,8869347744613364434,-2323511129839590090,231281690254211527,4815632823882298534,-5082274522455747241
-6728844082024523434,3407455496422791860,1990052153136096105,-6642751159620064055,1184320069221244535,-2976309714446243509
-1181242543195516037,-4582216289807398227,-6798063491592860025,-885886002174762919,-273156842634169039,-6932442635231192683
-4762897581600184489,660451400045043370,-5829402940194444779,-9089854794058353436,4422997595777504091,-6739959707791598779
8708452471825540133,7424795099560672335,3407455496422791860,-4483059513836093676,-3951274083288934897,4785499183287168509
-3482581255202910790,-9033346036688923648,3382795524953511662,8729086959762650511,6075137928366965854,-5813211845057621660
-2184022689343185012,3399073250354435892,-266262937631881148,4895396506368139469,826748584447376099,-7130425546996181071
2998023988107018635,826748584447376099,5005421293875190218,4895396506368139469,-2400879112398974660,-7130425546996181071
8905656922810620012,-2400879112398974660,6634206168889468590,-5283011611531067471,-7130425546996181071,-1437952039441999695
-1437952039441999695,826748584447376099,-5283011611531067471,6634206168889468590,-7130425546996181071,8905656922810620012
7581009799961380333,-2976309714446243509,4532698165746826599,-6884335507424704154,-4280604324733069853,-44082375822273498
-9194572880052200111,4815632823882298534,-6761163882540291832,231281690254211527,-2323511129839590090,-1443593727366384026
-1557920564469956829,4815632823882298534,1115750778137998115,-7527881206365368,-5082274522455747241,6953968734027801757
-3900870368325485697,6908884359295619150,-5257244885628286303,-4070929606295451361,5135371516547401748,-3660106964555224100
-7358932766266901263,4717008760225392411,8631616594020837056,8424505741986577894,-7358932766266901263,8550670510357310628
-7358932766266901263,4717008760225392411,8631616594020837056,8424505741986577894,-7358932766266901263,8550670510357310628
8550670510357310628,4717008760225392411,8631616594020837056,8424505741986577894,-7358932766266901263,8550670510357310628
-5829402940194444779,-4762897581600184489,5761988486867612282,5681075485882787671,-7529178973676767391,-6739959707791598779
-3660106964555224100,4109618890343020064,-9056114023474725450,6908884359295619150,-3900870368325485697,5135371516547401748
5681075485882787671,6099026883115865746,-5953227649059336919,6075137928366965854,-5829402940194444779,-6739959707791598779
2952636544547704346,5930806521893160184,-2976309714446243509,-3060116862184714437,5929055844564382383,4785499183287168509
-6468782714472551646,-282629989972409543,393734797767236089,393734797767236089,-5011709367955107239,2870099478920706993
-282629989972409543,393734797767236089,393734797767236089,-5011709367955107239,2870099478920706993,-6468782714472551646
-2323511129839590090,-6761163882540291832,-6584408680441477889,4546206336477094824,8020104407235635818,-5082274522455747241
-8392586470872505716,-3870325027932266414,2255878226385826814,-8900113512825364282,-4024778022934140027,-44082375822273498
8424505741986577894,-2440547657721869309,8631616594020837056,-7358932766266901263,-7358932766266901263,8550670510357310628
-5257244885628286303,4430520614172753870,-2440547657721869309,5053372977408537204,-434149774629603391,-9089854794058353436
-9033346036688923648,6947862790919978120,-4831310174172854034,2998023988107018635,-3482581255202910790,5313335392004163852
6844164348224220577,-3060116862184714437,-8900113512825364282,834896074125772354,5929055844564382383,8631616594020837056
6075137928366965854,-2808959554282640221,2474876390020567211,3382795524953511662,-5813211845057621660,8729086959762650511
1348739322889189648,7039033478836344543,-502840688786875793,-2167839778474325326,-1306208577536428610,-5843518165523212471
-2976309714446243509,3407455496422791860,-1324705355456975418,-2123288010168989418,4532698165746826599,-6728844082024523434
-6289909056857931861,6844164348224220577,-6215634663594744290,4785499183287168509,-8900113512825364282,5929055844564382383
991271693336573226,-9039021554659316935,-7527881206365368,-1138633255366005559,-1138633255366005559,-2314360211211303885
-2314360211211303885,4815632823882298534,-7527881206365368,-1138633255366005559,-1138633255366005559,991271693336573226
-1138633255366005559,1115750778137998115,231281690254211527,-7527881206365368,-5082274522455747241,-1138633255366005559
-1138633255366005559,1115750778137998115,231281690254211527,-7527881206365368,-5082274522455747241,-1138633255366005559
6716649347760033969,5313335392004163852,6800965548226529308,215332765550420709,-1101361754763388054,2572662123697831414
2508620055362300376,-7762049078455894395,-14569272361926584,-6590819806697898649,-8933526098329881084,-3058031327323357308
-9039021554659316935,-2314360211211303885,991271693336573226,-7527881206365368,-1138633255366005559,-1138633255366005559
2321412363020240814,-2323511129839590090,-2405892683303291957,1971653634364577968,711995695898078056,-5845411843260276924
-3224698078244963479,-6851425181090952724,-6739959707791598779,-3248233692182971167,3467834993860080188,6565723369088595990
-7047448754687279385,-2323511129839590090,-6761163882540291832,231281690254211527,-5082274522455747241,2834072258350675251
-5581910915745827384,5817939718364925129,7088167897470452815,1990052153136096105,1184320069221244535,-266262937631881148
5429045128339158843,-115909536143817330,6947862790919978120,4891010769166501207,-5729915270134094048,7202701636941380671
-9040419159428373932,4815632823882298534,-5082274522455747241,-5403733687257676872,-7666273193533605701,-2323511129839590090
3407455496422791860,-6728844082024523434,-2123288010168989418,5842191581670322333,-2976309714446243509,-5954724412982705962
-532999578436827210,2847365042071859088,2847365042071859088,-713893030279048092,-8473322535064919980,524776334673868069
-5608160619992456731,1184320069221244535,6463551093741815202,6917508501173008954,3618271604906293310,1990052153136096105
-6742146164569753679,2399228553079505025,-3269885695260066314,1450769039556893440,-4333957157636611418,-6537529846890876234
-879594538384021068,231281690254211527,4815632823882298534,5779887740609126631,1115750778137998115,-5082274522455747241
-5610593914683957297,5263606973029607223,3293246847422795557,-2097075598039554565,8836508987743809103,4780818054552370624
6463551093741815202,8748370453256790422,-807868207410889392,3618271604906293310,-5608160619992456731,1990052153136096105
-8717945432162716060,7775857588929395558,8748370453256790422,-3872763991286728274,7419040071212162906,7926736692763443624
1984587708208773,-1138633255366005559,-1138633255366005559,-2405892683303291957,-5843518165523212471,4815632823882298534
3382795524953511662,6947862790919978120,2474876390020567211,-5813211845057621660,6075137928366965854,8729086959762650511
4909630283317268181,-5082274522455747241,4815632823882298534,-2323511129839590090,231281690254211527,-6761163882540291832
-6798063491592860025,-2323511129839590090,-2405892683303291957,-6761163882540291832,-6851896696719147400,7529823674661315431
-115909536143817330,1328618437884612347,-1419188045265393093,1751822544912242581,5949788789046720741,5211673327552264703
-8502883448980287228,1751822544912242581,5211673327552264703,-115909536143817330,5484061377044071389,2531450382701518075
1751822544912242581,-2855218766021441159,5211673327552264703,5949788789046720741,4780818054552370624,-115909536143817330
-4709710373442563586,-8480712303720557641,5263606973029607223,-7215110246375999491,5211673327552264703,-115909536143817330
9158289456544908688,-3872763991286728274,1561244083438776495,348632682812866328,2998023988107018635,7419040071212162906
1496653703915349161,-5690023155612846030,1115750778137998115,231281690254211527,-5082274522455747241,5779887740609126631
6070279813975953742,-6340141548068597572,-623310439329591027,7419040071212162906,8659918766210334195,6236312923258954569
-115892576593938933,-7388035385087807288,-6642751159620064055,-847494979958007433,215332765550420709,-3248233692182971167
7775857588929395558,-8717945432162716060,8836508987743809103,3293246847422795557,348632682812866328,-4309525417316029305
-14569272361926584,5854206600849997966,1469580151036142903,-8606063418076691067,-2808959554282640221,-3058031327323357308
-197504840924463488,7419040071212162906,-2123288010168989418,9158289456544908688,-2976309714446243509,-6728844082024523434
8020104407235635818,1115750778137998115,231281690254211527,-2167839778474325326,4546206336477094824,-2323511129839590090
-746073086109727488,223316996491584050,6097677219931837830,-3951274083288934897,-266262937631881148,4785499183287168509
4607279316199873708,5211673327552264703,-8717945432162716060,8748370453256790422,1328618437884612347,4607279316199873708
3566197569262766169,1328618437884612347,5688444173453700360,-7108012586837980940,428486625959995206,-1419188045265393093
4876769046116846438,-2323511129839590090,4815632823882298534,231281690254211527,-5843518165523212471,-2167839778474325326
8477804012624580461,-2405892683303291957,-6761163882540291832,231281690254211527,-2323511129839590090,-5082274522455747241
717471739656838182,-115909536143817330,1328618437884612347,5211673327552264703,-2871347907044769386,-9033211547111606164
-7273935215244206740,-2034054811536485879,-6798063491592860025,-6851896696719147400,7529823674661315431,-3348652277274905234
4945121243335041737,-7130425546996181071,-5283011611531067471,-266262937631881148,2314077149264083254,223316996491584050
2870099478920706993,-282629989972409543,-6468782714472551646,-5011709367955107239,393734797767236089,393734797767236089
3714350889740403446,-3351652027149912881,8628621643938810986,5524888769622800245,-5160830061297425098,-3058031327323357308
-7826213337362450520,-8146108036639482450,231281690254211527,-5082274522455747241,-5843518165523212471,4815632823882298534
409265364477466508,-5843518165523212471,231281690254211527,-5082274522455747241,-2323511129839590090,-1463025432902754108
-9103776596534246502,-7534240757267992657,5842191581670322333,-5954724412982705962,-6215634663594744290,6097677219931837830
-44082375822273498,-8392586470872505716,5842191581670322333,7506614456429888492,834896074125772354,7581009799961380333
-1443593727366384026,9209886322932807692,5701873751630396950,5779887740609126631,231281690254211527,-5690023155612846030
2171751753892441512,-1306208577536428610,-2405892683303291957,-5843518165523212471,231281690254211527,-2323511129839590090
896159636285333275,-4762897581600184489,5395868751435718725,-1897853393557630253,3293246847422795557,8836508987743809103
-5521549171704079872,5211673327552264703,-8717945432162716060,8748370453256790422,1328618437884612347,4607279316199873708
-686679025328909441,231281690254211527,2215773447123360543,-2167839778474325326,-1353560213232970946,-502840688786875793
-5690023155612846030,4546206336477094824,-5082274522455747241,-2323511129839590090,231281690254211527,5779887740609126631
-2923886912694084893,3293246847422795557,-6215634663594744290,-4024778022934140027,-8900113512825364282,7506614456429888492
-8900113512825364282,-1606909838151129701,5930806521893160184,-6289909056857931861,-4024778022934140027,5929055844564382383
2760335717049716507,-3060116862184714437,5929055844564382383,-3951274083288934897,4785499183287168509,5930806521893160184
-1419188045265393093,3566197569262766169,428486625959995206,-115909536143817330,-7646922141533719881,1328618437884612347
-502840688786875793,-686679025328909441,-5843518165523212471,-2167839778474325326,2215773447123360543,-1353560213232970946
2572662123697831414,-847494979958007433,6716649347760033969,215332765550420709,6800965548226529308,-1101361754763388054
8153556216916362816,-8480712303720557641,1328618437884612347,-115909536143817330,5211673327552264703,-6623581327558800021
-5283011611531067471,-2400879112398974660,4895396506368139469,826748584447376099,-7130425546996181071,6634206168889468590
1469580151036142903,-3058031327323357308,-3307413259092352650,-14569272361926584,-6642751159620064055,5854206600849997966
8729086959762650511,-3482581255202910790,2474876390020567211,-5813211845057621660,3382795524953511662,6075137928366965854
-6623581327558800021,-8717945432162716060,-2487699318115820990,5211673327552264703,-9033211547111606164,8153556216916362816
-5845411843260276924,-2123288010168989418,834896074125772354,8631616594020837056,5929055844564382383,2321412363020240814
-8473322535064919980,-3745582971859460684,-3269885695260066314,2399228553079505025,5258604889412591249,-8068727428160395745
-4029704725707465084,3407455496422791860,6999813113145211708,7088167897470452815,-6728844082024523434,1954991916791271993
-8627051188605351707,8836508987743809103,-2976309714446243509,-4996336942690402156,1908114740148100507,-6642751159620064055
3618205920179577598,-5843518165523212471,4815632823882298534,-3850803681204406658,2379460324923679020,-6761163882540291832
6831941111848480366,8631616594020837056,-3060116862184714437,6844164348224220577,5929055844564382383,-1676378465482420452
6244532954645766056,-7358932766266901263,-7358932766266901263,8550670510357310628,8631616594020837056,8424505741986577894
2277184202014276839,5484061377044071389,8628621643938810986,-2715495584815099454,9026402401132606773,-7555896091148631419
-5160830061297425098,886450434856305025,-2976309714446243509,-5954724412982705962,3714350889740403446,-8480712303720557641
7021353262177009708,-5843518165523212471,-2405892683303291957,-2323511129839590090,-6761163882540291832,231281690254211527
-6872546942144599345,8310689940464940949,-7215110246375999491,8302949268716967655,6569463984699537820,-2855218766021441159
-5605799891597699962,-14569272361926584,-78667914647336721,5854206600849997966,1469580151036142903,-6642751159620064055
7631327570702153011,6591221581057159843,1561244083438776495,215332765550420709,6797493571710971497,-8954346068661072425
-7264217791213422584,8856169137131817223,8355302955998803709,-2323511129839590090,-2405892683303291957,-5843518165523212471
-2402288292108892893,4815632823882298534,-2323511129839590090,-7423191370472335463,1115750778137998115,-5082274522455747241
-624901815223005993,-3348652277274905234,-7273935215244206740,-6798063491592860025,-6851896696719147400,7529823674661315431
-6340141548068597572,5929055844564382383,3293246847422795557,-8900113512825364282,-5829979886567267504,-3179358869851478234
-8591127493017117985,3288699993147470797,-6761163882540291832,231281690254211527,1117455951802655890,-4487024160266973763
-5953227649059336919,6099026883115865746,6097677219931837830,5681075485882787671,1829180586132834070,-6739959707791598779
-3201623914150480647,-14569272361926584,5949788789046720741,6587635730509289343,-8480712303720557641,1908114740148100507
-4132331404553626868,3293246847422795557,7775857588929395558,-6207670654614839859,-4309525417316029305,-5570795524983603787
1908114740148100507,-8627051188605351707,5949788789046720741,-8992201526199201450,4780818054552370624,569574447134368517
4675505028897335428,2314077149264083254,-3745582971859460684,8416004328454490172,8416004328454490172,6104598399077154797
9213260650272029784,-6761163882540291832,4717008760225392411,-5082274522455747241,231281690254211527,-2405892683303291957
-3295913657316686039,-8800029253812071912,-4996336942690402156,-1101361754763388054,-1609424513692297222,-8286289711960957081
3618271604906293310,3801658304588389996,-6466212324513658217,1990052153136096105,6917508501173008954,6892165923784661946
6607431762270322325,6222001809679591440,834896074125772354,-3269885695260066314,2399228553079505025,3715130189384008388
4109618890343020064,6908884359295619150,-9056114023474725450,-3660106964555224100,5328558001212551235,5135371516547401748
